Month,Business_Unit,Region,Project,Status,Planned_Revenue,Actual_Revenue,Planned_Cost,Actual_Cost,Price_Index,Volume_Index,Mix_Index,CapEx,OpEx,FX_Rate,Headcount
2023-01-01,Consumer,EMEA,Project Alpha,Completed,88972,97384,84036,93455,1.049329863236051,0.8943079184345567,0.9261061641999548,7680,6431,1.044595046955188,55
2023-02-01,Consumer,EMEA,Project Alpha,In Progress,130472,126405,56225,63022,1.0081905312561878,1.0776134619225426,1.0830943261276642,9387,15057,1.0319552421867433,47
2023-03-01,Consumer,EMEA,Project Alpha,Delayed,115624,121044,50771,40924,1.0333670774480066,1.012412289482813,1.0297635271975394,6341,11527,0.9563654794461708,33
2023-04-01,Consumer,EMEA,Project Alpha,In Progress,93138,100570,42283,36338,0.9736722239839716,1.1177393836701595,0.9746685843775661,16198,8244,1.0124434598425718,5
2023-05-01,Consumer,EMEA,Project Alpha,In Progress,126721,123688,55242,51914,0.9703855809162802,0.985459516495833,1.0646456786907144,16549,7258,1.077905474252077,30
2023-06-01,Consumer,EMEA,Project Alpha,Delayed,83680,92293,58778,64264,0.987751817949754,1.117801980325857,0.9442471105396869,12533,8485,0.9171582307198751,44
2023-07-01,Consumer,EMEA,Project Alpha,In Progress,129627,136676,68637,62593,1.0168241121746582,0.9607897718234243,1.0813720363043955,6383,13522,0.9542877117930187,16
2023-08-01,Consumer,EMEA,Project Alpha,In Progress,105994,100487,50808,46150,1.0409712655127126,1.0064676322354438,0.9757708882979398,14635,13961,1.034148187913397,30
2023-09-01,Consumer,EMEA,Project Alpha,Delayed,145477,140811,51149,57365,1.0591060480864873,0.9066749948931632,1.096007852425305,21699,11749,1.0575373845885923,39
2023-10-01,Consumer,EMEA,Project Alpha,Delayed,135028,124366,49614,43556,1.0525212946641167,0.9019950522770268,1.0467845762911405,20582,11019,1.002191855817879,54
2023-11-01,Consumer,EMEA,Project Alpha,Completed,143530,134253,63534,56984,1.0429278062457783,0.9877562664152109,0.9956376814529821,7814,11471,0.9401092904024116,32
2023-12-01,Consumer,EMEA,Project Alpha,Delayed,148981,155317,67258,74214,1.0142843548037688,1.0239139946894094,1.0269337047684766,8036,8127,0.908539529307821,10
2023-01-01,Consumer,APAC,Project Alpha,Completed,94491,86919,58960,49705,1.0157653475150248,1.0439650133037102,1.0124226098118803,21941,12461,1.0560146782947832,50
2023-02-01,Consumer,APAC,Project Alpha,In Progress,134556,124458,79684,73333,1.0227371420266542,1.0404007613848012,0.9567228158741493,7264,13636,1.0064850974257469,55
2023-03-01,Consumer,APAC,Project Alpha,In Progress,132627,126853,66008,71873,1.0248830499409882,0.8863086237681657,1.0332457562356168,14373,14525,1.0693530774454152,29
2023-04-01,Consumer,APAC,Project Alpha,Delayed,112317,106626,86128,80212,0.9743946572296497,1.0500597913942082,0.9953797563469831,7684,15006,1.0348394218945887,40
2023-05-01,Consumer,APAC,Project Alpha,In Progress,110593,102980,75922,67136,1.017433646644608,0.9727509277824858,0.916856507199999,10934,8234,0.9239009022531034,58
2023-06-01,Consumer,APAC,Project Alpha,In Progress,86107,79744,63370,71462,1.0330592862832,0.9855071954704526,0.9088711045417164,9382,13293,1.0742637607622005,6
2023-07-01,Consumer,APAC,Project Alpha,In Progress,129328,139432,65674,56311,0.9765801913227494,1.0414149962232022,1.056308785094521,6621,13929,1.0855026955235598,5
2023-08-01,Consumer,APAC,Project Alpha,Delayed,147967,141515,51583,45045,0.9533233563044567,0.928913640582492,0.9822198962497403,12012,12846,1.08816640727373,11
2023-09-01,Consumer,APAC,Project Alpha,In Progress,110356,117243,44537,52759,0.963457250194062,1.0217504104383806,0.9116374410559831,16963,14766,0.9628264868587543,24
2023-10-01,Consumer,APAC,Project Alpha,In Progress,109472,98871,84274,86598,1.0461923289915707,1.0441252561540153,0.907760498949305,15136,6299,0.9202012240964929,19
2023-11-01,Consumer,APAC,Project Alpha,Delayed,111034,115255,89224,96905,1.026923170126763,1.0727835093468696,0.9177544434380297,19439,7856,0.9955645489578031,4
2023-12-01,Consumer,APAC,Project Alpha,In Progress,105618,104324,87613,78392,1.0364955577118529,1.0857442081259603,1.0492088555263133,20356,13056,0.9537583612787617,44
2023-01-01,Consumer,Americas,Project Alpha,Delayed,90575,101778,85363,76771,1.0291651361379468,0.9418941154796733,0.9388052522496306,14584,12055,1.0672060811881672,47
2023-02-01,Consumer,Americas,Project Alpha,Delayed,110188,121037,51031,41044,0.9624423614599442,0.9153075173223879,0.9530762228255599,13525,14261,0.9203463517670938,11
2023-03-01,Consumer,Americas,Project Alpha,Delayed,120220,116956,41788,48570,0.9715276527000977,0.992378760810724,1.0272006683870616,15738,8201,0.9167590686895819,19
2023-04-01,Consumer,Americas,Project Alpha,Completed,88145,84700,44891,50226,1.0113702541771452,1.0036711459270444,1.0455509479723493,10558,10175,0.9465378843171414,29
2023-05-01,Consumer,Americas,Project Alpha,Completed,104753,103937,64629,58051,1.011763674649969,1.030406875833652,1.0879442031531559,14569,12072,0.9088982002501953,32
2023-06-01,Consumer,Americas,Project Alpha,Completed,128813,139819,80650,88682,1.0266552718602313,0.978709611151364,1.0510025156236207,19147,6458,1.0777746550570872,59
2023-07-01,Consumer,Americas,Project Alpha,In Progress,117787,106347,52158,57277,0.9555894409566608,1.0103718785014937,1.0619763929300796,20532,10018,0.9589004351450713,21
2023-08-01,Consumer,Americas,Project Alpha,Delayed,135778,139417,50404,56558,1.0241090060976852,1.0812065164818456,0.9029504808736009,14521,7221,1.098645754311085,13
2023-09-01,Consumer,Americas,Project Alpha,Delayed,112214,124154,42421,44128,0.984768205097777,0.8861300019074325,1.073526638476077,19390,8578,1.0560478845145091,14
2023-10-01,Consumer,Americas,Project Alpha,In Progress,139943,137889,83470,79902,1.0061068792727754,1.0968007150390582,1.0792795237548012,14906,8594,0.9868456360190667,59
2023-11-01,Consumer,Americas,Project Alpha,Delayed,125337,114022,79536,70517,1.0510850053804461,1.1119446235686596,1.0005909878675041,19305,8633,1.004498764270865,53
2023-12-01,Consumer,Americas,Project Alpha,Completed,98087,93117,80948,83345,0.9638976825430101,0.9609361384587343,0.9276705174917851,15224,10593,0.9424449571622939,14
2023-01-01,Industrial,EMEA,Project Alpha,Delayed,87286,76618,47184,37477,0.9464530291577042,0.9400236818235032,0.981074362963517,17176,13461,1.061075018383029,30
2023-02-01,Industrial,EMEA,Project Alpha,Completed,141006,135819,67298,76647,0.9508586491509239,0.9642104499824988,1.027535342385381,21648,13791,1.0309671190158014,7
2023-03-01,Industrial,EMEA,Project Alpha,Completed,105817,112114,44779,48752,1.0220265883262418,0.9059647934776757,1.0666386152922827,8620,6399,0.9218602875915711,28
2023-04-01,Industrial,EMEA,Project Alpha,Completed,114227,107732,42834,51174,1.056043947711622,1.051518540763559,1.010849036726619,14755,9871,1.04557067370903,27
2023-05-01,Industrial,EMEA,Project Alpha,Delayed,110027,109062,61208,65542,0.9473361571077535,0.9547029699743703,0.9051945318231976,21364,8843,1.1046222791443614,51
2023-06-01,Industrial,EMEA,Project Alpha,Completed,83842,77163,83710,76773,0.9919473628941571,0.9055938263161756,1.0413872918320588,14283,6283,0.9786428994780436,7
2023-07-01,Industrial,EMEA,Project Alpha,Delayed,108887,113232,85796,76556,0.97836325510903,1.1057556326538402,1.0164562656601817,10547,6354,0.9151865251433609,17
2023-08-01,Industrial,EMEA,Project Alpha,In Progress,111282,107469,88852,96185,1.0190250699379146,1.0757995037157486,1.030626105948917,13665,11776,0.901252232658398,14
2023-09-01,Industrial,EMEA,Project Alpha,Delayed,138399,137801,68223,75801,0.9535369250786832,0.92825452810702,0.9890220150520748,7241,6138,1.021149992789039,20
2023-10-01,Industrial,EMEA,Project Alpha,Delayed,120511,108658,42772,46785,1.0102392427233704,1.0495952423480301,0.9147792780677192,20551,6422,0.9631256747109112,45
2023-11-01,Industrial,EMEA,Project Alpha,Completed,121562,125285,65049,56084,0.9825524751878616,1.013747035309294,1.060009498736762,13904,9707,0.8980288397925674,5
2023-12-01,Industrial,EMEA,Project Alpha,In Progress,116783,114464,58470,65473,1.0362207532233878,1.1199165959105755,0.9931113465422816,7545,10760,1.0432144105295666,54
2023-01-01,Industrial,APAC,Project Alpha,Completed,130580,141385,72703,70405,0.9542105530100913,0.9571777196446875,0.9198114857241536,18773,11021,0.9293255386811448,12
2023-02-01,Industrial,APAC,Project Alpha,In Progress,135547,127871,86326,87372,0.9961355442080264,0.9154146596212855,0.9249798993153581,21605,9025,1.0429693654139496,40
2023-03-01,Industrial,APAC,Project Alpha,Completed,149417,146120,68210,68339,1.0464880358858337,0.9701931696618116,0.9280187914894291,6809,13698,0.9294587509472136,6
2023-04-01,Industrial,APAC,Project Alpha,In Progress,132517,139973,72559,81222,0.983485644601107,0.9302156884957521,0.9182523788350972,8737,14454,0.9864556841609917,46
2023-05-01,Industrial,APAC,Project Alpha,Delayed,149475,143375,85889,88094,0.9809611932146941,1.0421147891269409,0.922334845524219,17342,10600,1.043183453387686,10
2023-06-01,Industrial,APAC,Project Alpha,Delayed,98998,99681,50484,51007,0.9784971040332171,0.8876754747055235,1.0206325754782304,7294,15043,1.0080897632263903,40
2023-07-01,Industrial,APAC,Project Alpha,Delayed,117380,125743,45886,40053,0.9937805675159058,1.0996153468049719,1.0479593009496067,14537,14149,0.950877473070735,49
2023-08-01,Industrial,APAC,Project Alpha,Delayed,83448,94915,52907,51907,0.9757985031105236,1.1138213036681788,0.9387820978315156,7387,11723,0.891815300090024,50
2023-09-01,Industrial,APAC,Project Alpha,In Progress,143011,152163,70275,78377,0.9550461062632545,0.8919343791661537,1.0747128653796347,16523,7629,1.0850022215937771,9
2023-10-01,Industrial,APAC,Project Alpha,Delayed,143343,138019,84730,88623,1.0042439730248807,1.0514171708543776,0.9329063036026147,20729,7980,0.9970405273712551,18
2023-11-01,Industrial,APAC,Project Alpha,Completed,147334,156940,66308,61912,1.0582383291129362,0.959484472623941,0.99668199424565,16418,7581,1.0934561452539127,27
2023-12-01,Industrial,APAC,Project Alpha,In Progress,122607,130686,73286,77264,1.0386660306983773,1.1195718496934917,1.0404299492336662,16244,11110,0.9810814725905708,36
2023-01-01,Industrial,Americas,Project Alpha,Completed,109932,117862,55079,50268,0.9870203331901011,0.9185372373729784,0.9580222481956002,20085,10051,0.9287455322890533,7
2023-02-01,Industrial,Americas,Project Alpha,Completed,113897,108266,76759,78746,1.0429553105188503,1.0311238659599802,1.0828969804109891,7102,11749,1.0609185858010481,16
2023-03-01,Industrial,Americas,Project Alpha,Completed,80190,75169,84486,80943,1.0427067423791352,1.0500304145244577,1.015744988489224,12602,8508,0.9606482402851877,26
2023-04-01,Industrial,Americas,Project Alpha,Delayed,85703,77138,48836,51586,0.9548303384816654,0.9522434186996716,0.9797487113472466,7641,15057,1.09567507111924,8
2023-05-01,Industrial,Americas,Project Alpha,In Progress,88508,79268,80042,81635,0.9533899454880533,1.0894428025516194,1.0981346491782977,17242,7083,1.0504607236565588,15
2023-06-01,Industrial,Americas,Project Alpha,Delayed,106574,117488,73979,75822,0.9521112054819193,1.1137623153245721,1.0209645566942487,11596,10329,0.9915605845191727,59
2023-07-01,Industrial,Americas,Project Alpha,Delayed,138914,139584,79674,80189,1.05694313968313,0.9230678012705515,1.0609021678539596,8276,12459,1.045690466043378,46
2023-08-01,Industrial,Americas,Project Alpha,Completed,81906,70261,76566,85622,0.9604381245008692,1.0781322294438624,1.047323464576115,10774,10769,0.9406402943235256,26
2023-09-01,Industrial,Americas,Project Alpha,Delayed,133961,145132,47257,44137,1.0441554948014367,0.9277693979533175,0.9220545799950709,11549,13116,1.0450722084458839,48
2023-10-01,Industrial,Americas,Project Alpha,In Progress,145871,150779,49035,57460,1.0236611904988262,1.062767432344147,0.9346348166086835,10758,15220,1.0369233777714681,33
2023-11-01,Industrial,Americas,Project Alpha,Completed,113455,109327,41313,47728,0.955295404103763,1.0559198945172472,0.9246590051023255,7422,10394,0.9171947703171398,28
2023-12-01,Industrial,Americas,Project Alpha,In Progress,100604,97034,42518,36758,1.017186682032675,1.044236000471252,1.0032767568775067,20739,13338,1.068286648544552,16
2023-01-01,Healthcare,EMEA,Project Alpha,Completed,88202,88152,49651,55083,1.0451809335408468,0.9778847091993372,1.0025440298558597,13042,14429,1.04116767794875,38
2023-02-01,Healthcare,EMEA,Project Alpha,Delayed,89956,80194,64991,60250,1.0498982459974073,0.9354354782323812,1.0203158295323582,14535,13879,1.0721660426900765,23
2023-03-01,Healthcare,EMEA,Project Alpha,Completed,128038,139610,68797,68227,1.0270742060276012,1.0833580965249976,1.0924832517226162,9790,10164,0.9548717370545825,58
2023-04-01,Healthcare,EMEA,Project Alpha,Completed,106504,112188,84643,79904,0.942804125408083,0.9314888322314137,0.9184809305145334,18359,9203,0.9742563015751359,27
2023-05-01,Healthcare,EMEA,Project Alpha,Completed,84311,95952,85936,80432,1.0559749465929518,0.9262331197552072,1.0149663978088002,11055,9735,1.0555728250642864,51
2023-06-01,Healthcare,EMEA,Project Alpha,In Progress,146945,142703,41109,40257,1.0418270544030634,0.9953534766924231,1.0022339541708225,14394,9684,1.0617039445155578,12
2023-07-01,Healthcare,EMEA,Project Alpha,In Progress,139816,130670,44853,38637,0.9465185822472543,0.9376499438794316,0.9616597417847201,7188,12579,1.0981827564374322,44
2023-08-01,Healthcare,EMEA,Project Alpha,Completed,110882,104783,71132,73398,1.0076847760780407,1.051405219806091,0.9824651432233213,15802,7232,0.9296872128807447,14
2023-09-01,Healthcare,EMEA,Project Alpha,In Progress,83959,88811,86805,81385,1.014497187989912,0.957656027523678,1.0025581527232117,8504,8524,1.0010371826130484,24
2023-10-01,Healthcare,EMEA,Project Alpha,Completed,122603,132336,66390,59560,1.0373141371939563,0.9336189844662955,1.0018901459113283,19271,6077,0.8943040601154147,14
2023-11-01,Healthcare,EMEA,Project Alpha,Delayed,87784,79718,80150,79990,0.9849718414183481,1.020993806835655,0.98439555601072,9647,8534,1.0091087129567518,8
2023-12-01,Healthcare,EMEA,Project Alpha,In Progress,103193,114636,82231,76871,0.992426319534369,0.9605925328662728,1.0433771542519914,15908,11423,0.9101335163930977,4
2023-01-01,Healthcare,APAC,Project Alpha,Completed,127509,117343,73812,67476,0.9453711455997056,1.0216115896143116,1.0303006548997706,7241,15604,1.0471374817417543,39
2023-02-01,Healthcare,APAC,Project Alpha,Delayed,124065,134822,61227,62986,1.0543530845060234,1.0461389555105145,1.0775438679508795,19489,9977,0.9533380323864628,36
2023-03-01,Healthcare,APAC,Project Alpha,Delayed,129833,127755,66850,74834,1.0089186951491091,1.0510877045826341,1.0171043098436843,14924,12148,0.9609038342801006,24
2023-04-01,Healthcare,APAC,Project Alpha,In Progress,138707,129122,67810,73355,0.978953545434325,1.0725827655659868,1.0260684832181994,12279,10446,1.0094582960831349,56
2023-05-01,Healthcare,APAC,Project Alpha,Delayed,81382,90332,74838,81565,0.9887513379668577,1.0944438936007825,1.0656212306197141,17353,8280,1.0024004241000872,13
2023-06-01,Healthcare,APAC,Project Alpha,Delayed,116491,124359,74436,69865,1.0427094369057732,1.026481848470523,0.9139428288680167,10840,7256,0.9684923493391326,9
2023-07-01,Healthcare,APAC,Project Alpha,Delayed,92091,86675,55588,46319,1.021431553990006,1.0474773607958934,0.9388817801688378,11628,9013,0.9310652115121829,41
2023-08-01,Healthcare,APAC,Project Alpha,Completed,111154,116727,49533,57755,1.053390098120847,0.9946298543673162,0.9127071743582587,12875,6352,0.9430600836525456,44
2023-09-01,Healthcare,APAC,Project Alpha,Completed,148680,152917,57760,48604,0.9658970090053512,1.0867730246193468,0.9960273968786968,8982,9376,1.0153856019038658,55
2023-10-01,Healthcare,APAC,Project Alpha,Completed,145724,146598,64405,62171,0.966087433653556,1.0592806118822988,0.9415788685199288,20555,12610,1.0679071198055747,53
2023-11-01,Healthcare,APAC,Project Alpha,Delayed,105861,116291,59889,57658,1.037837611335739,0.8954806930805034,0.9012794305886738,17780,10982,0.9607389219294035,32
2023-12-01,Healthcare,APAC,Project Alpha,In Progress,84872,90294,51602,53276,1.034165793643104,1.0991795711765053,0.9772936021514632,19470,7700,0.9126880046327316,9
2023-01-01,Healthcare,Americas,Project Alpha,Completed,103069,108562,41398,51347,1.0196990456243116,1.047609869754284,0.9858017791509148,9052,7620,0.9833316522065153,36
2023-02-01,Healthcare,Americas,Project Alpha,Completed,134327,127015,53628,53808,0.9658774384131724,1.0654814696322636,1.0381532552935737,7435,6429,1.08812472478836,24
2023-03-01,Healthcare,Americas,Project Alpha,Completed,88595,94512,87142,86377,0.971806810933864,0.9844535496431712,0.9892293932508475,17953,13471,0.8987096794829376,13
2023-04-01,Healthcare,Americas,Project Alpha,Delayed,132528,139198,52657,57613,1.0513928124079308,1.0966011379351097,0.938150452122663,18479,13336,0.9555571005557114,26
2023-05-01,Healthcare,Americas,Project Alpha,Completed,142455,144885,50536,47049,0.9972799851429688,0.9270658302795163,0.945971345254574,20488,15834,0.9398645046326396,6
2023-06-01,Healthcare,Americas,Project Alpha,In Progress,118397,107227,82925,86381,1.0545285905085882,1.0640255642070664,0.9382634835734247,16264,10037,1.0294410980582307,39
2023-07-01,Healthcare,Americas,Project Alpha,In Progress,130953,130283,41093,42190,1.0268107992309814,0.989156395862683,0.9434664891546062,21181,15527,1.0473016484780087,40
2023-08-01,Healthcare,Americas,Project Alpha,Completed,128701,117880,65014,59830,0.9738224164660133,0.9260102224282172,1.0084581614552743,15778,13789,0.9470622127727868,13
2023-09-01,Healthcare,Americas,Project Alpha,Delayed,148405,155115,46246,53754,0.9889608225719666,0.9320596643947454,0.9195520205369008,21220,13711,1.0923111217165917,5
2023-10-01,Healthcare,Americas,Project Alpha,Completed,109072,109565,86342,81122,1.022736468138237,1.079870041131598,0.9649022664702611,21894,15341,0.9435489423669323,58
2023-11-01,Healthcare,Americas,Project Alpha,In Progress,90734,80741,51268,53327,1.0067046402157982,0.9160297913693722,1.0384772014036945,15326,6608,0.9889056853191233,55
2023-12-01,Healthcare,Americas,Project Alpha,In Progress,138286,144701,56869,55315,1.020675173549038,1.0865208006158604,1.0996744184030522,21786,12139,0.9647353507268478,48
2023-01-01,Consumer,EMEA,Project Beta,Completed,99945,88158,51111,47134,1.011789941471129,0.9599494495314579,1.067964458912293,18364,11284,1.0976876858032614,42
2023-02-01,Consumer,EMEA,Project Beta,Delayed,148083,155638,61066,61924,0.9624068936524484,0.9058303486854431,0.9869651744677792,19705,11182,0.9719881816676698,54
2023-03-01,Consumer,EMEA,Project Beta,Delayed,118137,122545,53823,55956,1.043137076853001,1.00342987669154,1.0304794128276362,8013,14174,1.029626146903718,23
2023-04-01,Consumer,EMEA,Project Beta,Delayed,109990,114760,73422,70007,1.0098597706008043,1.1090095424907778,1.049178166181721,10385,14016,1.0759658103685195,30
2023-05-01,Consumer,EMEA,Project Beta,In Progress,123589,116270,80721,82004,0.9978789975205661,0.993132815422622,0.947868829214345,20187,13228,0.9871140382284006,50
2023-06-01,Consumer,EMEA,Project Beta,In Progress,95902,88918,62537,66205,0.9953747659650664,0.8874503162182638,1.043222427604722,20075,13121,1.09871959923306,43
2023-07-01,Consumer,EMEA,Project Beta,In Progress,92574,84737,75907,83811,0.9729084632466644,0.9393041566837672,0.9139562908917856,17926,6001,1.040681820748151,23
2023-08-01,Consumer,EMEA,Project Beta,Delayed,139776,146394,48051,54985,1.0216460221535468,0.9397018151874486,1.0263403803361093,8447,13655,0.9250296984418518,30
2023-09-01,Consumer,EMEA,Project Beta,Delayed,114687,120603,44339,51096,1.0585503520746498,0.8867790145111993,0.9457505824493423,20640,8331,0.9103635462438193,9
2023-10-01,Consumer,EMEA,Project Beta,Delayed,131830,123413,49806,50311,0.9965825728357546,1.0699839034165135,0.9761354657252773,6565,10602,0.9384347524528681,26
2023-11-01,Consumer,EMEA,Project Beta,Completed,142230,146797,70685,65279,1.0274525357523154,1.1102405799342097,0.9427068925647663,16826,14475,0.9435954791256351,55
2023-12-01,Consumer,EMEA,Project Beta,Delayed,134824,144252,87786,79474,1.0232762310157482,0.89933514880149,0.9678139587058107,18243,6238,0.9799059138136574,19
2023-01-01,Consumer,APAC,Project Beta,Delayed,118528,126661,80640,72349,1.0210929310275834,0.9508118754074626,1.021292054312465,15683,8449,1.095752771960072,27
2023-02-01,Consumer,APAC,Project Beta,Delayed,104243,97971,54399,55256,0.9987718296522915,1.1083033951230679,1.0431097183802056,11184,14394,1.1017418609985072,38
2023-03-01,Consumer,APAC,Project Beta,Delayed,100610,94045,79622,83206,1.033487283220621,1.1122459655018977,0.9533979932643526,20693,15675,1.0661069564826866,22
2023-04-01,Consumer,APAC,Project Beta,Completed,100326,110716,73610,76033,0.9686121038375679,0.9443666807016076,0.9903808920886312,10313,14548,1.029402459562078,54
2023-05-01,Consumer,APAC,Project Beta,Delayed,110223,108965,70579,77872,0.9729532915948558,0.9596494843759485,1.0290991844562738,18016,13204,1.0660354355624133,17
2023-06-01,Consumer,APAC,Project Beta,Completed,90229,78238,41835,47871,1.0533093866023733,0.9519855848599855,0.972864632163649,12670,8077,1.0373130967574156,43
2023-07-01,Consumer,APAC,Project Beta,In Progress,146467,147189,44002,43214,0.9893523087577761,1.0932942772216456,1.0317556893166906,21567,9805,1.0698050160778376,7
2023-08-01,Consumer,APAC,Project Beta,Completed,136921,127527,71201,69085,0.9443314721963841,0.925313004565881,0.9068478038134475,6778,6071,0.9208016518917554,11
2023-09-01,Consumer,APAC,Project Beta,Completed,87923,84576,47052,39513,0.9483164110822485,1.0939478767496316,1.0245612837156342,15748,13831,1.0791612242305597,43
2023-10-01,Consumer,APAC,Project Beta,Delayed,137780,143406,86470,84106,1.0289363474326496,1.0031274513938995,1.0587447088016448,12400,13801,0.9614844026025633,7
2023-11-01,Consumer,APAC,Project Beta,Completed,89892,90204,47732,45722,1.0306030354813172,1.0861023480035583,0.9035394908648543,8986,6103,0.9890157414294575,12
2023-12-01,Consumer,APAC,Project Beta,Delayed,129868,119888,54823,64585,1.0245116288807927,0.8866158945907187,1.0243059971312558,8581,14688,0.9741862352963541,30
2023-01-01,Consumer,Americas,Project Beta,In Progress,130579,135023,53233,62202,1.0012395598909956,1.0773775498586398,1.0105629252259534,17737,12154,0.9555258729641819,12
2023-02-01,Consumer,Americas,Project Beta,Completed,109077,106659,40951,31618,0.9924906130465092,1.010930551889709,1.0611360510674164,9868,7270,0.8950712939734189,38
2023-03-01,Consumer,Americas,Project Beta,Completed,80752,83858,49626,39734,1.0401374216887866,0.9312322977124078,0.9375516497830041,9517,12880,0.8984458676393609,29
2023-04-01,Consumer,Americas,Project Beta,In Progress,100376,106261,81441,90957,0.9619716092188713,0.9886985647413173,1.0916291877791449,11617,10669,1.0507373759683938,28
2023-05-01,Consumer,Americas,Project Beta,Delayed,110896,122741,84546,84667,1.0022558714123952,0.969294370905114,0.9986012245452109,8336,14065,1.0777525232622165,21
2023-06-01,Consumer,Americas,Project Beta,In Progress,147112,153747,60168,52818,1.034786165317658,0.9848354694300044,0.9351097344255193,17889,14410,0.9300226293447534,20
2023-07-01,Consumer,Americas,Project Beta,Completed,104793,107514,51538,51398,0.9617621410014316,1.0684114797217261,1.0627002425958827,11468,10866,0.9122509836182071,49
2023-08-01,Consumer,Americas,Project Beta,In Progress,137988,140048,43545,46332,1.0120625787453013,0.9747253271406292,1.0837915124611601,15450,14868,1.0654863968644197,18
2023-09-01,Consumer,Americas,Project Beta,Delayed,111569,108383,74371,65001,0.9851058301538473,1.097850351784824,1.0761748816151167,18620,15005,0.9715831723540518,56
2023-10-01,Consumer,Americas,Project Beta,In Progress,125512,115894,71242,79671,1.05031506019374,0.9291054300870507,1.0030887122479446,18394,12997,1.017703936417977,55
2023-11-01,Consumer,Americas,Project Beta,Delayed,91379,86324,56495,46947,0.9899311977969399,0.9279126996716426,0.9152408670244342,17555,6289,1.0891205081153645,37
2023-12-01,Consumer,Americas,Project Beta,Delayed,131253,137440,57369,49776,0.9788481582051386,0.9601911893101305,0.9936987967791564,9737,11421,0.9961019708464877,12
2023-01-01,Industrial,EMEA,Project Beta,In Progress,94436,89608,46253,54613,0.992636132351537,1.0583525909268814,1.07931295106368,17534,6245,1.0763631004088603,38
2023-02-01,Industrial,EMEA,Project Beta,Completed,116321,121898,86294,90435,0.9946526754478549,1.0592060767205298,1.0704354061486165,6083,13223,0.9421369627509011,34
2023-03-01,Industrial,EMEA,Project Beta,In Progress,149729,153382,45292,37987,0.9498161671948494,0.8802655738216723,0.9787098212172369,13766,8164,0.9234148263933836,16
2023-04-01,Industrial,EMEA,Project Beta,In Progress,82136,73521,63310,72627,1.0338400057678108,1.0197259913118806,1.0393477236998543,21316,7488,1.0277437009310009,12
2023-05-01,Industrial,EMEA,Project Beta,Delayed,144495,147140,86331,86255,0.9482520088723427,0.8916936595916147,0.9368567201430447,18045,15848,1.0893667222035046,56
2023-06-01,Industrial,EMEA,Project Beta,In Progress,108249,108110,88842,80716,1.0352931755395733,1.0126451016874545,0.9861329782090597,10684,11291,0.9162469065865189,59
2023-07-01,Industrial,EMEA,Project Beta,In Progress,99648,107698,43160,42315,0.983004339286831,0.9383902261581368,1.0890080507706086,17819,8595,0.9992122937160398,28
2023-08-01,Industrial,EMEA,Project Beta,Delayed,88554,83758,89247,85508,0.9786113349813824,1.0482673327773866,1.0124344746317753,8433,15635,1.1065743712219114,36
2023-09-01,Industrial,EMEA,Project Beta,Delayed,126911,118916,50418,45627,0.9970180910566274,1.031126146087603,0.9666267774002932,19526,12718,1.045778065194131,45
2023-10-01,Industrial,EMEA,Project Beta,Delayed,95439,100254,42763,34122,1.0109336469737844,0.9214755975998483,1.0277802759091823,18537,12549,0.9765088148537275,41
2023-11-01,Industrial,EMEA,Project Beta,In Progress,103912,107168,73293,70555,1.011517753093588,1.0849956782326358,1.0084775228730742,16284,14549,0.9977698464443231,40
2023-12-01,Industrial,EMEA,Project Beta,Completed,124179,115489,71356,79739,0.9859269361877177,0.98176532217872,1.0989587898521531,6989,15332,0.9150333725244846,28
2023-01-01,Industrial,APAC,Project Beta,Delayed,137270,142202,71825,65525,0.9536759112908026,1.0160316072534017,1.0696964790620769,15910,12919,0.8918903155095202,34
2023-02-01,Industrial,APAC,Project Beta,Completed,121882,132294,66861,70486,0.9517572647023873,0.992027705072959,1.0234115696100488,19654,12231,0.948968029547369,11
2023-03-01,Industrial,APAC,Project Beta,In Progress,105644,116425,46788,51630,0.9997658050171551,1.095813157374578,0.9173656879133071,13847,7552,1.0550603010403672,24
2023-04-01,Industrial,APAC,Project Beta,Completed,81657,75154,61397,71252,1.0545284449864984,0.9616530440455147,0.9826318169866098,9180,11276,1.0815920053303478,5
2023-05-01,Industrial,APAC,Project Beta,Delayed,122725,132261,85037,90414,1.0193843832898728,0.9982044369470063,0.998307261570073,17847,11444,0.9558337189593022,44
2023-06-01,Industrial,APAC,Project Beta,In Progress,96080,90080,45379,42732,0.9543294919277158,1.0976423874633818,0.9997295646660872,21068,6733,1.0648184930164255,28
2023-07-01,Industrial,APAC,Project Beta,In Progress,114193,107925,62492,56177,0.9947417053353858,1.0849451659804599,0.9878993876583285,9415,13385,0.9192434499194608,49
2023-08-01,Industrial,APAC,Project Beta,In Progress,86519,77595,45357,52394,0.9791173085682142,1.0315306735777,0.9201106674878317,21402,6190,1.0219729058875069,9
2023-09-01,Industrial,APAC,Project Beta,Delayed,122658,126842,82407,84614,1.0391193631788103,0.958063350911996,0.9089362518218744,12895,9930,0.8906512338074839,6
2023-10-01,Industrial,APAC,Project Beta,Completed,141029,148792,65971,63441,0.966633901391927,0.8958449202970001,1.0761101189253666,20872,9744,1.085024770403487,42
2023-11-01,Industrial,APAC,Project Beta,Delayed,125361,136996,52613,43240,0.9870025969374496,1.016280190480364,1.0655180344699784,19190,6858,0.8948578459346421,55
2023-12-01,Industrial,APAC,Project Beta,Delayed,104849,111262,78003,85425,0.9935589141385863,0.9442754688432177,0.9369550565761124,8657,12586,1.0461676999882625,22
2023-01-01,Industrial,Americas,Project Beta,In Progress,105672,103350,68370,68177,1.0049726937501309,0.9991850360664127,1.0908425658907641,10314,12900,1.0785566848409633,5
2023-02-01,Industrial,Americas,Project Beta,In Progress,123912,128360,63631,61997,0.9950935904887848,0.9481489130857073,0.9415923782429185,11838,9316,0.9607102122876857,50
2023-03-01,Industrial,Americas,Project Beta,Delayed,86553,87908,53046,51990,1.057639480327571,1.060144743453954,1.054612124984921,10818,12621,1.0207257518599655,21
2023-04-01,Industrial,Americas,Project Beta,Delayed,96997,105694,84916,89659,0.9928758709225227,1.104862707496009,0.9420730373569899,13537,13824,0.9225428905298206,18
2023-05-01,Industrial,Americas,Project Beta,Delayed,95782,94987,40852,49111,1.0579736584316697,0.9617247142249375,1.0304512876824985,21269,10035,0.8976277089799651,40
2023-06-01,Industrial,Americas,Project Beta,Delayed,87978,96125,51021,48575,1.0443103459903853,1.0766279206081797,0.9847047157585285,21905,7046,1.0572889832263919,34
2023-07-01,Industrial,Americas,Project Beta,Completed,133014,140067,82751,88975,0.9408201379404254,1.0923998913314723,1.0010801666735645,9288,11262,1.0019662703948848,34
2023-08-01,Industrial,Americas,Project Beta,In Progress,117223,106181,45817,52391,0.9930921791377546,0.9506001143054342,1.0598952834300095,12922,12513,0.9564903957237423,5
2023-09-01,Industrial,Americas,Project Beta,In Progress,84796,78682,68243,66606,0.941539211554396,1.1130530103676024,0.9297942208474175,15784,10895,0.9344720096586702,26
2023-10-01,Industrial,Americas,Project Beta,In Progress,82558,73076,75864,81610,1.0579023882914995,0.8842852518103012,0.9964804107229119,16945,7432,1.0505586809869958,25
2023-11-01,Industrial,Americas,Project Beta,In Progress,149497,158026,59240,60467,1.0323222338347773,0.929056837119103,1.0906736870159497,19591,6373,1.0502338972229883,25
2023-12-01,Industrial,Americas,Project Beta,Delayed,134012,126926,40399,37689,0.9448982685519178,1.0998493663135884,1.045387678048329,20974,11531,1.0889122373089581,47
2023-01-01,Healthcare,EMEA,Project Beta,Delayed,122284,119434,47930,52544,0.9866392958151129,0.97192428680654,0.9808920618243264,17866,11962,0.9986239194771886,19
2023-02-01,Healthcare,EMEA,Project Beta,Delayed,118273,116129,77460,77838,0.9494926071105261,1.0997461035918157,0.9097859699168308,19451,8337,1.0016119401908965,5
2023-03-01,Healthcare,EMEA,Project Beta,In Progress,123621,125897,67167,76372,0.9660098009217839,0.8818374374447244,1.0310327819268863,16965,14776,1.0058185399429787,11
2023-04-01,Healthcare,EMEA,Project Beta,Completed,108602,97327,51478,42301,1.0017400736365971,0.9034264974414614,1.087875924878418,19821,15241,0.9449569975252372,31
2023-05-01,Healthcare,EMEA,Project Beta,Completed,132665,139992,58056,56734,1.0244921154768125,0.9350261234023403,0.9367772315746542,8012,15909,0.9003374244215031,51
2023-06-01,Healthcare,EMEA,Project Beta,Delayed,136822,139643,88544,86667,0.9937480088183654,0.957933238705704,1.0781973835496208,7018,7159,1.0634625288765627,9
2023-07-01,Healthcare,EMEA,Project Beta,In Progress,102933,105167,76137,73179,0.9998601970505168,1.0683514333207316,0.943137639705384,16140,6040,1.0591580031287797,4
2023-08-01,Healthcare,EMEA,Project Beta,Delayed,114140,117943,76774,79073,0.9716865422951486,1.102210792846433,1.0884088447428435,9258,7482,0.9157817243710735,36
2023-09-01,Healthcare,EMEA,Project Beta,In Progress,114771,104758,46117,43507,0.9891299336478332,1.0249701105041769,1.083871792332944,10895,15895,0.8953175596095201,13
2023-10-01,Healthcare,EMEA,Project Beta,In Progress,107511,111273,84943,87076,1.0036986337987386,0.923671843743768,1.0279717082161097,15617,9730,1.0376327614777043,59
2023-11-01,Healthcare,EMEA,Project Beta,Delayed,99557,98788,79597,77682,1.0577970755412665,1.0211746679798743,0.9844879605317924,12739,8317,0.9238877744259668,42
2023-12-01,Healthcare,EMEA,Project Beta,In Progress,146011,141690,82546,87789,1.0359691215849476,0.9384547927252485,1.0765649162663522,15842,13209,1.08316323816666,41
2023-01-01,Healthcare,APAC,Project Beta,In Progress,91410,98424,56550,63432,1.0068508389871553,0.8849729507396302,0.9042219456817266,15765,11504,0.9083637542247311,35
2023-02-01,Healthcare,APAC,Project Beta,In Progress,107101,101798,82706,79718,0.9735112267595138,0.9132822723826124,0.9843440573489323,10446,11979,0.8998347546745467,5
2023-03-01,Healthcare,APAC,Project Beta,Delayed,113933,114241,46855,38689,1.021992365360775,0.9030018689302354,0.917370750137322,18002,11747,0.994986474879627,23
2023-04-01,Healthcare,APAC,Project Beta,Completed,133684,144780,71808,62145,1.0398631530483058,1.0093791855617769,1.0510734892923108,18460,9673,0.9752404939326482,48
2023-05-01,Healthcare,APAC,Project Beta,Delayed,103073,92081,59511,56064,0.9628265760668852,0.9680394539598337,0.9527435627386702,16316,15378,1.070362660623285,24
2023-06-01,Healthcare,APAC,Project Beta,In Progress,126220,136096,56977,57803,0.9459363949697761,0.9963342250596304,0.9801349188762907,21377,12092,1.0143635680356973,25
2023-07-01,Healthcare,APAC,Project Beta,Delayed,119915,124059,57663,58735,0.9611522210582237,1.0996451194562926,0.9836040931835024,11473,8849,0.9068143130705519,34
2023-08-01,Healthcare,APAC,Project Beta,Completed,148864,139355,45778,39912,1.020469038594927,1.0567723267281963,0.9520883472384072,11910,6182,1.027179427104246,11
2023-09-01,Healthcare,APAC,Project Beta,In Progress,99666,93149,63013,57403,1.0254340428313666,1.0665576724058883,0.9475564202138038,21906,7527,1.1019358471293654,22
2023-10-01,Healthcare,APAC,Project Beta,Completed,124909,129932,86142,88387,1.0151705321661095,0.9274520923344861,1.0770575917246186,8316,15700,1.0512880837392071,28
2023-11-01,Healthcare,APAC,Project Beta,Delayed,105524,95224,78764,68859,0.9469874127926916,1.0539161157367434,0.9873266921469752,20100,8928,0.9137786044979066,34
2023-12-01,Healthcare,APAC,Project Beta,In Progress,111420,106248,84324,91187,1.0438906904664826,0.9409246463869589,1.0373372620118904,21067,12137,0.8979271949321297,13
2023-01-01,Healthcare,Americas,Project Beta,Delayed,105200,109045,89299,86038,1.0261033844974456,0.9183501164254545,1.0034326372446267,8606,13112,0.8975597235966455,45
2023-02-01,Healthcare,Americas,Project Beta,Completed,105327,112880,49314,49897,0.9915654856527951,0.9065397087776483,1.0119746523449686,11693,7628,1.041410439448378,17
2023-03-01,Healthcare,Americas,Project Beta,In Progress,92856,102850,52236,53297,0.967724796859815,1.0371438104133608,0.9960276992277544,7833,15968,1.083679708807277,53
2023-04-01,Healthcare,Americas,Project Beta,In Progress,101752,99327,60150,50507,1.0557912615755154,0.9959871713218502,1.0715212991431142,17344,6915,1.068722072712742,28
2023-05-01,Healthcare,Americas,Project Beta,In Progress,137012,131693,42284,45680,0.9808623503429938,1.0364729683903318,1.0315047788064113,8482,13869,1.0153508929938069,44
2023-06-01,Healthcare,Americas,Project Beta,Delayed,149903,140788,57764,53638,0.9712130473369496,1.0249912951466613,0.9981641891117755,19945,10093,0.9746157891119205,32
2023-07-01,Healthcare,Americas,Project Beta,Completed,98946,87276,55003,62904,0.9484113971740125,0.8812173343758037,0.9990876678876015,15695,9169,1.0764556126109444,53
2023-08-01,Healthcare,Americas,Project Beta,In Progress,123600,132507,56990,55135,1.0162390352988826,0.9358177837249635,0.9308024962554824,16691,11449,1.1087914008379778,21
2023-09-01,Healthcare,Americas,Project Beta,Delayed,135431,126761,59651,56586,0.9768794258226149,1.0587160898597938,0.9403155498829288,10933,14387,0.9062012491028107,57
2023-10-01,Healthcare,Americas,Project Beta,Delayed,136569,131945,45930,39744,0.9587004155355298,1.1068045807179465,0.9579344585738764,10321,14326,0.999939516080872,39
2023-11-01,Healthcare,Americas,Project Beta,Delayed,92596,85837,62321,53040,0.9887025508465338,1.118621165453762,0.9682374920434628,12878,10888,0.9731213548260035,16
2023-12-01,Healthcare,Americas,Project Beta,In Progress,107203,97302,50478,50363,1.0476531224046366,0.9032851859161801,0.9163318353187498,16688,9432,1.0542051201064482,33
2023-01-01,Consumer,EMEA,Project Gamma,Delayed,96840,86068,78381,75921,0.9534246809739279,1.0178024253450177,0.9276915889599757,13734,12675,1.0645762211416416,54
2023-02-01,Consumer,EMEA,Project Gamma,In Progress,129448,141188,71394,73947,1.0123230645764676,1.0310355530069737,0.988311708391695,15562,12538,1.0651193753247035,41
2023-03-01,Consumer,EMEA,Project Gamma,In Progress,80820,74776,47739,38575,0.9428682687137714,1.0912856531207575,1.03577383647234,8980,7340,0.911267631617131,33
2023-04-01,Consumer,EMEA,Project Gamma,Delayed,91989,93648,42745,44371,0.9767167762249798,0.8815008304867231,1.0145973767418193,7712,10486,0.9655835748147266,22
2023-05-01,Consumer,EMEA,Project Gamma,Delayed,107564,102808,43250,39851,1.0172346545151316,1.047015657754037,0.9948739672609429,6886,6131,0.9137016135640397,57
2023-06-01,Consumer,EMEA,Project Gamma,Completed,109805,101508,86937,90366,1.0219092740026328,0.9012309635165542,0.9379925327681892,14668,10324,1.0573060643485919,36
2023-07-01,Consumer,EMEA,Project Gamma,In Progress,97105,92634,58957,57950,0.9639255892213838,1.118204766127,0.9037828414665293,17224,12514,1.0449494012860914,46
2023-08-01,Consumer,EMEA,Project Gamma,Delayed,104696,116025,81717,80225,1.0243868172026873,1.106698788860497,0.9041579586426665,14410,11318,0.9345832997580544,14
2023-09-01,Consumer,EMEA,Project Gamma,In Progress,111228,116945,69923,78145,1.0432332587517619,1.0816278017556182,1.0448097936885432,8938,8071,1.043916214947751,37
2023-10-01,Consumer,EMEA,Project Gamma,Completed,110107,101665,40066,41034,0.9447594132711749,1.1045973734951393,0.967272390519903,18704,12805,1.080279873535873,56
2023-11-01,Consumer,EMEA,Project Gamma,Completed,144241,135413,55680,46380,0.9534203960251454,1.105558916858701,0.9311702954846596,19765,6765,0.9201011503960627,44
2023-12-01,Consumer,EMEA,Project Gamma,Delayed,90957,83191,83875,78218,1.0284644566542867,0.946492379121176,1.0035729895583976,21557,10476,1.0118735649689723,8
2023-01-01,Consumer,APAC,Project Gamma,Completed,109706,100221,66305,69524,0.9888658110121303,0.9941771157304865,1.0591388310385264,18241,13661,0.962728317095642,42
2023-02-01,Consumer,APAC,Project Gamma,Completed,82959,85236,45026,50892,1.0092369803159256,1.047746608171125,0.9119301809040855,10430,12100,1.0383895529007947,11
2023-03-01,Consumer,APAC,Project Gamma,Delayed,149610,140268,64387,73698,1.010995062490923,0.9668461075656977,1.036759224982269,13527,12096,0.8993471219385774,6
2023-04-01,Consumer,APAC,Project Gamma,Delayed,92928,94573,49427,57240,0.9430688166798505,0.967974135373053,0.9431284409190657,6925,14484,0.9417332614225025,4
2023-05-01,Consumer,APAC,Project Gamma,Completed,103898,114254,66698,64465,0.9832040430898448,1.0319750332064739,1.0111318763629658,9698,7076,0.907998493123603,7
2023-06-01,Consumer,APAC,Project Gamma,In Progress,90772,91995,78784,74526,0.978708916427445,1.1049757499511377,1.0940323651911639,6098,13569,1.1097280328104364,56
2023-07-01,Consumer,APAC,Project Gamma,Delayed,108441,97494,46050,43051,0.9829654917160957,1.0024251640710322,1.0177011429313498,14102,9364,1.0367415429245956,21
2023-08-01,Consumer,APAC,Project Gamma,Completed,132483,137571,83245,75235,0.9425037935976817,0.885027439738921,0.9376107266150451,19982,12802,0.902269923840271,34
2023-09-01,Consumer,APAC,Project Gamma,In Progress,145685,151781,86885,87912,1.0131836610208373,0.8887122602986438,0.9481744772383475,10802,8146,0.9886375883565521,11
2023-10-01,Consumer,APAC,Project Gamma,In Progress,90696,88842,55850,46044,1.0361881654755953,0.9394964497217152,1.0473313256121446,16503,14553,0.9927575522108718,38
2023-11-01,Consumer,APAC,Project Gamma,Delayed,86666,82749,82032,88401,0.9654661204528766,1.1148769389804831,1.0653712820950936,17037,6875,0.8977933223867071,25
2023-12-01,Consumer,APAC,Project Gamma,Delayed,136456,132437,79830,81597,1.0171966524772786,0.9178167680044726,1.0128190623301105,12322,10653,1.0895413251729427,42
2023-01-01,Consumer,Americas,Project Gamma,In Progress,99056,98437,75505,84553,1.013713097483229,1.0757293073087995,1.0050376395754534,21058,6220,1.0892780377405051,40
2023-02-01,Consumer,Americas,Project Gamma,In Progress,118168,111767,72771,82565,1.0214310078524833,1.0291151217433498,0.9977416145972114,16062,7052,0.994548241909518,46
2023-03-01,Consumer,Americas,Project Gamma,In Progress,140311,130260,76418,79338,0.9956139296061306,1.0983363565612905,1.0694149209241701,14417,12180,1.0788490257044043,39
2023-04-01,Consumer,Americas,Project Gamma,In Progress,82660,82263,42674,52134,1.0146104675254457,0.8934962330128683,1.05538577886016,21081,9960,1.0705991388467895,22
2023-05-01,Consumer,Americas,Project Gamma,Delayed,129297,132851,68308,74475,0.9788991583027884,1.1024335587763014,1.0679208495349857,21169,7001,1.0338038039657043,15
2023-06-01,Consumer,Americas,Project Gamma,In Progress,94600,98810,82873,84003,0.9882807562232143,0.9526724700164461,1.0389254104629384,9909,6611,1.0246273213014576,45
2023-07-01,Consumer,Americas,Project Gamma,Delayed,123979,124324,44000,48696,1.052462525230115,1.0624197452215127,0.9731212832040743,12191,14357,1.1092181727589823,18
2023-08-01,Consumer,Americas,Project Gamma,Delayed,144691,143815,71058,77524,0.9533406339351288,0.9217025788580029,1.0440952257878402,19185,15805,1.0626583172240274,38
2023-09-01,Consumer,Americas,Project Gamma,Delayed,131980,134910,57615,51579,1.0033445740695524,1.0316330593835583,0.9426830931229255,12787,10281,0.9990688324351276,52
2023-10-01,Consumer,Americas,Project Gamma,In Progress,120848,124550,64903,62938,0.9494591795975115,1.0753925807116047,0.979241353476792,15971,9800,0.9069317978506842,11
2023-11-01,Consumer,Americas,Project Gamma,Completed,117300,129098,54607,47281,1.009747351443984,0.9770663609786947,1.0303760281484236,8555,13628,0.9423762978132785,28
2023-12-01,Consumer,Americas,Project Gamma,Delayed,95000,104168,65986,64368,1.0572734702864364,0.9661774432261768,0.9153211965243098,19013,7619,1.0304877242664552,39
2023-01-01,Industrial,EMEA,Project Gamma,In Progress,112194,112709,62459,64993,1.0326409115084003,1.0749313585618063,0.9279506113237979,16617,7893,0.9566832683922863,18
2023-02-01,Industrial,EMEA,Project Gamma,Completed,136813,132043,86996,84587,1.0182502622405099,1.0914562642462085,0.9347319492962602,20825,11413,1.0701456298030982,46
2023-03-01,Industrial,EMEA,Project Gamma,Completed,119175,113276,62277,64969,1.01024116603212,1.102596882872453,1.0256093209565647,19779,14791,1.0788753256912442,7
2023-04-01,Industrial,EMEA,Project Gamma,Completed,128111,122575,43402,46817,0.976413080186436,0.9054819510741176,1.048068705497171,21759,11344,1.0583967991524126,54
2023-05-01,Industrial,EMEA,Project Gamma,Completed,93774,99622,60002,63133,0.9449268536226647,1.00057985831367,1.0491164665914021,15710,14870,0.9253445894104382,12
2023-06-01,Industrial,EMEA,Project Gamma,Delayed,89726,93723,87591,94486,1.0215632995814081,1.0070408145823433,0.9667476737278294,20755,9261,1.0147851625649587,58
2023-07-01,Industrial,EMEA,Project Gamma,In Progress,115563,117656,58172,53474,1.0414925176522238,1.0264843712942966,0.9308825319538088,15740,12264,0.9117715074941454,56
2023-08-01,Industrial,EMEA,Project Gamma,In Progress,103066,93737,76981,70093,1.041005520240713,1.096152873622769,0.9580777759180678,17352,6809,0.9036653123735923,43
2023-09-01,Industrial,EMEA,Project Gamma,In Progress,142380,139209,70962,70115,0.9775555794392922,0.8892963443882386,0.9283338401901337,18652,7043,1.0626753540147655,33
2023-10-01,Industrial,EMEA,Project Gamma,Delayed,81230,87529,57121,52903,1.0357423381438813,0.9537255352236825,0.9590324888296143,16450,9586,1.0729116854758363,11
2023-11-01,Industrial,EMEA,Project Gamma,Delayed,128262,129241,81291,76502,0.9667837387613669,1.0019327743298025,0.985562673554208,16452,15433,0.9914068096742459,50
2023-12-01,Industrial,EMEA,Project Gamma,Delayed,89152,93953,46033,53315,0.9439124897705938,0.9320858656582551,0.9334784351337533,6966,9370,1.0530578390732535,45
2023-01-01,Industrial,APAC,Project Gamma,In Progress,144988,141375,82427,73620,1.048384738873362,0.9099749965369159,1.041753822885371,16621,15548,0.9969061873482528,19
2023-02-01,Industrial,APAC,Project Gamma,In Progress,136287,133881,41946,50558,0.9722938682977789,0.9478253097342815,1.0307617296188996,12699,7614,0.9703560482416095,58
2023-03-01,Industrial,APAC,Project Gamma,Delayed,136641,145285,50154,55863,1.0409331713903616,0.9995411077501799,1.0718363279228549,11418,10773,0.9139526585144693,49
2023-04-01,Industrial,APAC,Project Gamma,Completed,133825,142363,70725,73195,1.0216622522870258,0.9292387529647372,0.9965875360643345,9123,6192,1.0768657198156313,27
2023-05-01,Industrial,APAC,Project Gamma,Completed,110581,104167,62156,53221,0.9859163822088104,0.9985888315151221,1.015668645316211,14721,13299,1.0044793151134404,14
2023-06-01,Industrial,APAC,Project Gamma,Completed,143323,141141,41496,44340,1.0564148655145535,1.0078669626757173,1.0472696704263322,14911,9004,0.9778329027530955,5
2023-07-01,Industrial,APAC,Project Gamma,Delayed,129339,126611,67112,67281,0.999800688789995,0.9725506161006396,1.032754366614653,13513,15271,0.9770439518280812,23
2023-08-01,Industrial,APAC,Project Gamma,Delayed,136535,127847,46920,42526,1.00293527528868,0.9100146330179203,0.9313269362401237,17986,15366,1.0691609401995439,11
2023-09-01,Industrial,APAC,Project Gamma,In Progress,132795,138362,48012,53935,0.981012551548625,0.9128617116548013,1.0767687459725281,10005,7761,1.027527753197643,11
2023-10-01,Industrial,APAC,Project Gamma,Completed,118348,123523,73357,69397,0.9627619534837507,0.9556854150519962,1.0186565279350845,7292,8596,0.926038745912849,20
2023-11-01,Industrial,APAC,Project Gamma,Delayed,136147,131030,55638,57184,0.9913630450065327,1.0739977744188804,0.9252787062862468,18537,9906,0.9139517868937866,58
2023-12-01,Industrial,APAC,Project Gamma,Completed,148743,141760,62609,64860,1.0130719761699636,1.041013881733482,0.9444952897855423,14190,7656,1.0668132125978562,8
2023-01-01,Industrial,Americas,Project Gamma,Completed,130252,127682,88920,79294,1.0205156379400575,1.0514446082973605,0.9922731088125564,8008,9670,1.0879141167260649,32
2023-02-01,Industrial,Americas,Project Gamma,Completed,96733,95006,55260,63069,0.9767540507314365,0.9562688802992984,1.020944405255519,13013,10310,0.9036354789633106,27
2023-03-01,Industrial,Americas,Project Gamma,Delayed,122710,132801,56772,47077,0.957625457432054,0.9099308227509711,0.9754494662482552,21210,14144,0.9966662822804426,19
2023-04-01,Industrial,Americas,Project Gamma,Delayed,132251,143305,54130,63933,1.0565631005387504,1.037579941999224,0.9124324866284661,15328,7269,0.9997130261006267,31
2023-05-01,Industrial,Americas,Project Gamma,Delayed,120556,111594,57604,58905,1.0488277992299189,0.9486402360095761,1.0117338443249244,6979,9878,0.9681857269943809,37
2023-06-01,Industrial,Americas,Project Gamma,Completed,85979,86953,56465,58876,0.9783489129120412,0.9971620570934387,0.9416763901394462,6994,13031,1.0989246586793853,13
2023-07-01,Industrial,Americas,Project Gamma,Completed,89526,90817,72490,77719,1.0224361859252822,0.8993824247458265,0.9964613017682776,20687,6996,0.9353884514274757,12
2023-08-01,Industrial,Americas,Project Gamma,Completed,134462,126612,46365,54401,0.9519878792197694,1.025288628716481,0.928578512215523,9523,7278,0.9321149863046021,54
2023-09-01,Industrial,Americas,Project Gamma,Delayed,109997,118401,53015,56852,0.9919052038952664,1.041673885380551,0.9249994409939567,10149,15779,1.0271831186981804,41
2023-10-01,Industrial,Americas,Project Gamma,Delayed,149681,144579,89385,91669,0.9926584798816815,0.9163569713898835,0.9227611302407355,20945,6688,0.9819280347017517,37
2023-11-01,Industrial,Americas,Project Gamma,In Progress,97381,87132,59263,51896,0.9796972130486713,0.9006718248421973,1.0968240816899102,9836,14057,0.903744135985565,5
2023-12-01,Industrial,Americas,Project Gamma,Delayed,138772,135205,65742,63529,1.0562555514882812,1.0246703670479635,0.9366786295433798,12764,15401,1.0487450343127196,27
2023-01-01,Healthcare,EMEA,Project Gamma,Completed,101885,108919,67475,76100,0.9928330691154228,0.8918202191863223,1.0229351338939439,8233,15303,1.0004038336064085,10
2023-02-01,Healthcare,EMEA,Project Gamma,Delayed,147240,156432,65724,65431,1.0475258597203796,1.0181667421191318,1.0860622284688113,15411,13266,0.9930322470955868,41
2023-03-01,Healthcare,EMEA,Project Gamma,Delayed,85383,83586,84224,88578,0.9641465628987198,0.9342595601614166,0.9965045395191183,13514,12189,1.0509292629981435,39
2023-04-01,Healthcare,EMEA,Project Gamma,Delayed,121491,129837,52491,56452,0.9613990699422097,0.9959223741014627,1.0501273712100512,8177,7179,1.0791800144010293,12
2023-05-01,Healthcare,EMEA,Project Gamma,Delayed,81252,78209,51161,43151,0.9853128757005857,0.9233123283894218,0.9080508759270053,16413,12385,1.1058209279216926,14
2023-06-01,Healthcare,EMEA,Project Gamma,Delayed,126966,129945,87841,85477,1.048646542600891,1.0637257709098986,0.9423048152682079,7874,6399,1.060073895792256,11
2023-07-01,Healthcare,EMEA,Project Gamma,Delayed,110716,116841,85848,86826,0.9939458472518145,0.9582886612101076,1.0549646383872773,21216,9266,0.9324258350070002,37
2023-08-01,Healthcare,EMEA,Project Gamma,Delayed,146843,153044,47787,48068,1.0043651356151135,1.0120871008238,0.9346750935692775,7939,13956,0.9438162498083027,5
2023-09-01,Healthcare,EMEA,Project Gamma,In Progress,111975,118301,60028,62763,0.9459724155108761,1.0134155622417278,0.9360433816033864,13978,11830,1.0949895582510831,30
2023-10-01,Healthcare,EMEA,Project Gamma,Delayed,113667,111894,51346,53414,0.9417495306993219,1.0046442405804186,1.0602729394683563,8441,7422,0.9050234974801745,13
2023-11-01,Healthcare,EMEA,Project Gamma,Completed,81792,81402,85726,92381,0.9537142510828627,1.0914487470786045,0.9657929106447051,6596,15830,0.9690593166586585,45
2023-12-01,Healthcare,EMEA,Project Gamma,Completed,82632,73693,74220,83138,0.965329060360082,0.9384654566829496,1.0598316199977624,10053,11300,0.9350759637475399,5
2023-01-01,Healthcare,APAC,Project Gamma,Delayed,139227,130613,48202,51047,1.0062854299718762,0.92117400682676,1.0468979260296791,12912,6690,0.9860856668545069,38
2023-02-01,Healthcare,APAC,Project Gamma,In Progress,90318,85400,81840,72921,1.0477286158138572,0.9303623131229332,1.016425152983155,17153,11024,0.9735428964863616,32
2023-03-01,Healthcare,APAC,Project Gamma,In Progress,89307,79449,53614,56554,1.036534660806282,1.023867141662106,0.9059115264496433,15525,15906,1.0011148347483556,48
2023-04-01,Healthcare,APAC,Project Gamma,Delayed,141982,138646,43514,50732,1.0297877666728927,1.0092535219512764,1.0562015223709418,7051,7253,1.0319010562760123,55
2023-05-01,Healthcare,APAC,Project Gamma,Completed,130066,140278,40927,48917,1.0450129056519453,1.0350633946441292,0.9804249059023356,15320,7794,0.9209049313884593,48
2023-06-01,Healthcare,APAC,Project Gamma,Completed,119313,120037,65614,65608,0.9599056411545619,1.037449419883162,0.9722126781750513,6329,11928,0.9842327924483854,21
2023-07-01,Healthcare,APAC,Project Gamma,Delayed,129052,126389,77910,87035,0.9990895066945328,1.0094752282877923,0.969915612568786,12613,12910,0.891339153040962,38
2023-08-01,Healthcare,APAC,Project Gamma,In Progress,90391,88433,73791,75830,0.9623335398333595,1.0564786456738815,0.961983983728796,8602,8930,1.0960916150556883,17
2023-09-01,Healthcare,APAC,Project Gamma,In Progress,101644,94194,49629,50983,1.0413785786090544,0.9797862549365355,1.0067477493995802,8016,15616,0.99402102061619,56
2023-10-01,Healthcare,APAC,Project Gamma,Completed,85732,96782,86326,81751,0.9518997600387741,0.9954173067770945,1.040949820969972,16747,6822,1.0789461117149304,56
2023-11-01,Healthcare,APAC,Project Gamma,In Progress,85243,84794,85361,91275,1.057896413577597,1.0661940110259347,1.0673753808933182,21979,14519,1.1012963158910236,58
2023-12-01,Healthcare,APAC,Project Gamma,Completed,93306,90562,48131,43415,1.0492777127224182,1.049102322262049,1.0011803391168066,14621,7603,1.0356272300867415,20
2023-01-01,Healthcare,Americas,Project Gamma,Completed,144408,155790,69849,63271,0.990695442894356,1.0827874811618194,0.952321863918418,17660,15025,1.1018282948960054,19
2023-02-01,Healthcare,Americas,Project Gamma,Delayed,104150,113079,49259,45978,0.9749057811998054,1.0288313263290418,1.0653385971773879,12968,10971,1.057535335124605,27
2023-03-01,Healthcare,Americas,Project Gamma,Completed,81886,79323,75122,75222,0.994650498810162,1.1025553025778168,0.9020415126170991,9322,7484,1.0918438351432924,16
2023-04-01,Healthcare,Americas,Project Gamma,In Progress,135935,144730,86938,96165,1.0392659802494055,1.0643473657553126,0.9786437785205541,18572,12800,1.0861698236212562,31
2023-05-01,Healthcare,Americas,Project Gamma,In Progress,131646,126074,46662,43258,1.0190621485595706,1.081057254494547,1.0567677052164262,18461,9264,1.0139832497522763,49
2023-06-01,Healthcare,Americas,Project Gamma,Completed,103844,108451,50612,42352,1.0339135397078119,1.0401806037092713,1.0874159202415306,15789,11773,1.0825071692480115,41
2023-07-01,Healthcare,Americas,Project Gamma,Completed,110593,111611,40844,31323,1.0532602416608312,1.045339964504603,0.9050197492497796,10441,12064,1.0195597013589845,40
2023-08-01,Healthcare,Americas,Project Gamma,Completed,145555,143404,44959,37504,0.9497339895753255,0.9515013189136932,1.021213035964706,13213,10485,0.9508120983158762,40
2023-09-01,Healthcare,Americas,Project Gamma,In Progress,110727,104287,82339,86770,0.9717203725393755,1.088064041881576,0.9890702452361387,18362,7610,1.0605418776880398,14
2023-10-01,Healthcare,Americas,Project Gamma,Completed,87540,91518,85573,90870,0.972476481523808,0.8935963153329514,1.0247366825118116,10943,12646,0.8928507401129658,5
2023-11-01,Healthcare,Americas,Project Gamma,In Progress,88953,100339,64692,64497,0.9624385582302472,0.9100866663240146,1.0768679378624042,9859,7450,0.8945925783765701,53
2023-12-01,Healthcare,Americas,Project Gamma,Delayed,144857,146552,74123,78198,1.0478165780546347,1.0688461179551656,0.9044444686285983,7440,13991,1.0944444786504337,48
